{"Salmon": {"y": ["Japanese", "Swedish", "Greek", "Thai", "Cuban", "Spanish", "French", "English", "American", "Moroccan", "Indian", "Irish", "Hawaiian", "Italian", "Mexican", "Chinese", "Hungarian", "German", "Portuguese"], "x": [2.825428859737639, 0.7407407407407408, 0.7021063189568706, 0.60790273556231, 0.5494505494505495, 0.5213764337851928, 0.4048582995951417, 0.4008016032064128, 0.40040040040040037, 0.30181086519114686, 0.3009027081243731, 0.26455026455026454, 0.2590673575129534, 0.2014098690835851, 0.10204081632653061, 0.10030090270812438, 0.0, 0.0, 0.0]}, "Tuna": {"y": ["Japanese", "French", "Portuguese", "Spanish", "American", "English", "Hawaiian", "Italian", "Moroccan", "Indian", "Cuban", "Mexican", "Greek", "Hungarian", "Swedish", "German", "Irish", "Chinese", "Thai"], "x": [1.4127144298688195, 1.1133603238866396, 1.0204081632653061, 0.7299270072992701, 0.7007007007007007, 0.501002004008016, 0.38860103626943004, 0.3021148036253776, 0.30181086519114686, 0.20060180541624875, 0.13736263736263737, 0.10204081632653061, 0.10030090270812438, 0.0, 0.0, 0.0, 0.0, 0.0, 0.0]}, "Chicken": {"y": ["Thai", "Spanish", "Chinese", "Hawaiian", "Moroccan", "Mexican", "Hungarian", "Indian", "Greek", "French", "Japanese", "American", "Portuguese", "Cuban", "Italian", "German", "English", "Swedish", "Irish"], "x": [51.266464032421474, 51.09489051094891, 50.45135406218656, 47.27979274611399, 45.57344064386318, 43.06122448979592, 38.83333333333333, 38.214643931795386, 38.01404212637914, 37.75303643724696, 29.36427850655903, 28.22822822822823, 27.2108843537415, 25.686813186813183, 24.47129909365559, 14.543630892678033, 11.52304609218437, 10.0, 9.523809523809524]}, "Turkey": {"y": ["American", "Greek", "Swedish", "Hawaiian", "Mexican", "Thai", "Portuguese", "German", "Hungarian", "Italian", "Moroccan", "English", "Cuban", "Spanish", "Japanese", "Chinese", "French", "Indian", "Irish"], "x": [8.308308308308309, 6.218655967903711, 5.9259259259259265, 3.1088082901554404, 3.061224489795918, 2.127659574468085, 2.0408163265306123, 1.9057171514543632, 1.6666666666666667, 1.4098690835850958, 1.4084507042253522, 1.402805611222445, 1.098901098901099, 0.7299270072992701, 0.7063572149344097, 0.6018054162487462, 0.5060728744939271, 0.5015045135406219, 0.26455026455026454]}, "Duck": {"y": ["French", "American", "German", "Thai", "Chinese", "Spanish", "Japanese", "English", "Hawaiian", "Italian", "Moroccan", "Mexican", "Irish", "Swedish", "Hungarian", "Greek", "Portuguese", "Cuban", "Indian"], "x": [4.352226720647773, 1.5015015015015014, 0.6018054162487462, 0.5065856129685917, 0.5015045135406219, 0.31282586027111575, 0.20181634712411706, 0.2004008016032064, 0.1295336787564767, 0.10070493454179255, 0.0, 0.0, 0.0, 0.0, 0.0, 0.0, 0.0, 0.0, 0.0]}, "Lamb": {"y": ["Moroccan", "Irish", "Greek", "Indian", "English", "American", "French", "Spanish", "Swedish", "Portuguese", "German", "Chinese", "Hawaiian", "Cuban", "Thai", "Japanese", "Italian", "Mexican", "Hungarian"], "x": [18.10865191146881, 17.59259259259259, 17.552657973921765, 4.312938816449348, 3.807615230460922, 2.002002002002002, 1.5182186234817814, 1.251303441084463, 0.9259259259259258, 0.6802721088435374, 0.3009027081243731, 0.3009027081243731, 0.2590673575129534, 0.13736263736263737, 0.10131712259371835, 0.10090817356205853, 0.0, 0.0, 0.0]}, "Beef": {"y": ["Swedish", "Irish", "English", "Hungarian", "German", "Mexican", "French", "Cuban", "Italian", "Portuguese", "Moroccan", "Greek", "American", "Hawaiian", "Japanese", "Chinese", "Spanish", "Thai", "Indian"], "x": [78.14814814814814, 67.5925925925926, 46.7935871743487, 33.5, 23.8716148445336, 21.73469387755102, 17.00404858299595, 14.835164835164836, 13.494461228600201, 10.884353741496598, 10.46277665995976, 10.230692076228685, 10.11011011011011, 9.71502590673575, 9.58627648839556, 5.917753259779338, 5.422314911366007, 4.25531914893617, 2.206619859578736]}, "Pork": {"y": ["Swedish", "Cuban", "German", "Chinese", "Hungarian", "Hawaiian", "Portuguese", "Japanese", "American", "Mexican", "English", "Thai", "Spanish", "French", "Greek", "Irish", "Moroccan", "Italian", "Indian"], "x": [39.07407407407407, 34.75274725274725, 24.974924774322968, 18.55566700100301, 13.0, 12.953367875647666, 12.925170068027212, 11.402623612512613, 10.91091091091091, 6.836734693877551, 6.212424849699398, 5.47112462006079, 5.318039624608968, 4.149797570850203, 3.4102306920762286, 2.2486772486772484, 1.710261569416499, 1.1077542799597182, 0.9027081243731194]}, "Bacon": {"y": ["French", "German", "Irish", "Hungarian", "Hawaiian", "English", "American", "Portuguese", "Cuban", "Italian", "Swedish", "Spanish", "Mexican", "Japanese", "Chinese", "Greek", "Thai", "Moroccan", "Indian"], "x": [18.62348178137652, 16.24874623871615, 10.317460317460316, 8.0, 7.253886010362693, 6.212424849699398, 5.305305305305305, 4.421768707482993, 2.8846153846153846, 2.8197381671701915, 2.037037037037037, 1.1470281543274243, 0.9183673469387756, 0.8072653884964682, 0.4012036108324975, 0.3009027081243731, 0.10131712259371835, 0.0, 0.0]}}